DateDeMEL, Disponible, DateDeDispo, Surface, Ville, Adresse, LoyerCC
il y a 2 jours, disponible, 02/04/2016,110 m²,LYON, RUE LOUIS DANSARD,400
il y a 2 jours, disponible, 23/04/2016,86 m²,VÉNISSIEUX, RUE LUDOVIC BONIN,410
il y a 2 jours, disponible, 14/05/2016,55 m²,LYON, RUE CREUZET,357
il y a 3 jours, disponible, 01/04/2016,80 m²,LYON, RUE MONTESQUIEU,315
il y a 3 jours, disponible, 10/04/2016,100 m²,LYON, RUE PIZAY,450
il y a 4 jours, disponible, 15/04/2016,81 m²,LYON, RUE GUILLOUD,370
il y a 4 jours, disponible, 04/04/2016,110 m²,LYON, QUAI JEAN MOULIN,573
il y a 4 jours, disponible,,60 m²,LYON-8E-ARRONDISSEMENT, RUE LAENNEC,250
il y a 4 jours, disponible, 28/03/2016,34 m²,VILLEURBANNE, RUE PAUL VERLAINE,295
il y a 4 jours, disponible, 28/03/2016,60 m²,LYON, RUE LORTET,435
il y a 4 jours, disponible, 01/04/2016,55 m²,LYON-7E-ARRONDISSEMENT, AVENUE BERTHELOT,375
il y a 4 jours, disponible, 01/04/2016,82 m²,LYON, COURS SUCHET,650
il y a 4 jours, disponible, 21/05/2016,75 m²,LYON, AVENUE FÉLIX FAURE,395
il y a 4 jours, disponible, 10/04/2016,100 m²,LYON, RUE PIZAY,450
il y a 5 jours, disponible, 01/07/2016,70 m²,LYON, RUE CLAUDE VEYRON,450
il y a 5 jours, disponible, 09/05/2016,87 m²,LYON, RUE NEUVE,465
il y a 5 jours, disponible,,80 m²,LYON, RUE DES ROSE350
il y a 5 jours, disponible, 01/07/2016,90 m²,LYON, RUE TURBIL,460
il y a 6 jours, disponible, 08/05/2016,53 m²,LYON, AVENUE ROCKEFELLER,375
il y a 6 jours, disponible, 29/03/2016,71 m²,OULLIN RUE AMPÈRE,410
il y a 6 jours, disponible, 08/04/2016,92 m²,LYON, COURS GAMBETTA,360
il y a 6 jours, disponible, 02/04/2016,60 m²,LYON, AVENUE PAUL SANTY,450
il y a 6 jours, disponible, 30/04/2016,78 m²,VILLEURBANNE, RUE JEAN JAURÈ,490
il y a 8 jours, disponible,,66 m²,LYON, AVENUE JEAN MERMOZ,480
il y a 8 jours, disponible,,120 m²,LYON, RUE CASIMIR PÉRIER,390
il y a 8 jours, disponible,,180 m²,LYON, RUE GALLAND,523
il y a 9 jours, disponible, 01/07/2016,43 m²,LYON, RUE DE LA VIEILLE,391
il y a 9 jours, disponible,,110 m²,LYON, RUE DES AQUEDUC400
il y a 10 jours, disponible, 01/04/2016,45 m²,VILLEURBANNE, RUE BELLECOMBE,400
il y a 10 jours, disponible, 15/04/2016,78 m²,LYON, QUAI JEAN MOULIN,520
il y a 11 jours, disponible, 10/04/2016,81 m²,LYON, RUE DE L'EFFORT,500
il y a 11 jours, disponible, 01/04/2016,80 m²,LYON, RUE JEAN TOURNE490
il y a 11 jours, disponible, 20/05/2016,57 m²,LYON, RUE DE SAINT-CYR,450
il y a 11 jours, disponible, 29/05/2016,80 m²,VILLEURBANNE, RUE PASCAL,916
il y a 12 jours, disponible, 01/05/2016,100 m²,LYON-5E-ARRONDISSEMENT, RUE SAINT-ETIENNE,312
il y a 12 jours, disponible, 01/04/2016,100 m²,LYON, RUE DE BREST,395
il y a 12 jours, disponible, 15/04/2016,65 m²,LYON, RUE D'INKERMANN,410
il y a 13 jours, disponible,,70 m²,LYON, RUE DUGAS MONTBEL,550
il y a 15 jours, disponible, 04/04/2016,100 m²,LYON, AVENUE BERTHELOT,450
il y a 15 jours, disponible, 04/04/2016,100 m²,LYON, AVENUE BERTHELOT,450
il y a 16 jours, disponible, 01/06/2016,65 m²,VÉNISSIEUX, RUE DU PARC,470
il y a 16 jours, disponible,,48 m²,LYON, COURS LAFAYETTE,518
il y a 16 jours, disponible, 01/04/2016,90 m²,VILLEURBANNE, RUE GABRIEL PÉRI,325
il y a 17 jours, disponible, 01/04/2016,65 m²,LYON-3E-ARRONDISSEMENT, RUE PAUL BERT,410
il y a 19 jours, disponible,,60 m²,LYON, RUE GARIBALDI,420
il y a 19 jours, disponible,,70 m²,LA MULATIÈRE, RUE DE FONTANIÈRE,420
il y a 20 jours, disponible, 01/04/2016,103 m²,LYON, RUE FEUILLAT,400
il y a 20 jours, disponible, 31/03/2016,67 m²,LYON, RUE MOLIÈRE,500
il y a 21 jours, disponible, 02/04/2016,92 m²,LYON, RUE CASIMIR PÉRIER,341
il y a 22 jours, disponible, 01/06/2016,70 m²,LYON-5E-ARRONDISSEMENT, RUE DES FARGE435
il y a 22 jours, disponible, 01/04/2016,100 m²,LYON-7E-ARRONDISSEMENT, RUE GARIBALDI,450
il y a 23 jours, disponible,,83 m²,LYON, RUE PHILIPPE FABIA,300
il y a 23 jours, disponible, 01/04/2016,85 m²,LYON-5E-ARRONDISSEMENT, RUE LOUIS CARRAND,590
il y a 24 jours, disponible, 01/04/2016,76 m²,LYON, RUE BOSSUET,490
il y a 24 jours, disponible, 01/06/2016,54 m²,LYON, AVENUE PAUL SANTY,380
il y a 25 jours, disponible, 01/04/2016,81 m²,LYON, RUE LAPORTE,390
il y a 25 jours, disponible,,80 m²,VILLEURBANNE, PLACE WILSON,430
il y a 25 jours, disponible, 04/04/2016,91 m²,LYON, COURS GAMBETTA,499
il y a 27 jours, disponible,,45 m²,LYON, RUE DE TRION,455
il y a 27 jours, disponible,,70 m²,LYON, RUE DUGAS MONTBEL,750
il y a 28 jours, disponible,,69 m²,OULLIN RUE SAINT-EXUPÉRY,348
il y a 28 jours, disponible, 30/04/2016,80 m²,VILLEURBANNE, RUE LOUIS GOUX,410
il y a 29 jours, disponible, 01/04/2016,552 m²,LA MULATIÈRE, RUE DE FONTANIÈRE400
il y a 29 jours, disponible,,70 m²,VÉNISSIEUX, ROUTE DE VIENNE,470
il y a 30 jours, disponible, 21/03/2016,50 m²,VILLEURBANNE, RUE DE LA FEYSSINE,400
il y a 30 jours, disponible,,81 m²,LYON, RUE NAZARETH,371
il y a 30 jours, disponible, 01/04/2016,80 m²,VILLEURBANNE, RUE DU 8 MAI 1945,370
il y a 31 jours, disponible, 01/04/2016,5210 m²,LYON, RUE GIGODOT,525
il y a 31 jours, disponible, 09/04/2016,58 m²,LYON, RUE LAPORTE,450
il y a 31 jours, disponible, 01/05/2016,64 m²,LYON, AVENUE JEAN MERMOZ,310
il y a 31 jours, disponible,,802 m²,LYON, AVENUE PAUL SANTY,300
il y a 33 jours, disponible, 01/04/2016,92 m²,LYON, RUE PASTEUR,600
il y a 33 jours, disponible,,81 m²,LYON, RUE DES ÉRABLE,350
il y a 35 jours, disponible,,70 m²,LYON, COURS GAMBETTA,460
il y a 36 jours, disponible,,94 m²,LYON, RUE BONNEFOI,285
il y a 37 jours, disponible,,110 m²,LYON, QUAI JEAN MOULIN,510
il y a 37 jours, disponible,,110 m²,LYON, QUAI JEAN MOULIN,510
il y a 37 jours, disponible,,61 m²,LYON-4E-ARRONDISSEMENT, RUE DE LA FONTAINE,650
il y a 37 jours, disponible,,50 m²,BRON, ALLÉE DES PLATANE250
il y a 38 jours, disponible,,59 m²,LYON-8E-ARRONDISSEMENT, AVENUE PAUL SANTY,420
